user_id;fio;passport;birthday;sex;address;phone;email;place_work;photo
1;Хондажевский Семен Максимович;1111111111;1989-05-01;мужской;426668, г. Ижевск, ул. Дачная, 14, оф. 16;79521864790;yczxchlv93@aol.com;"ООО ""Прямой кодекс""";
2;Калатозов Марат Николаевич;1111111112;1989-05-02;мужской;394370, г. Воронеж, ул. Маяковского, 13, оф. 26;79253214381;vvqxrlvt82@mail.ru;"ООО ""Ослепительный язык""";
3;Самосов Ильдар Робертович;1111111113;1989-05-03;мужской;426489, г. Ижевск, ул. 8 Марта, 19, оф. 86;79850093660;ndqpzomb34@mail.ru;"ООО ""Практика""";
4;Арефьев Яков Константинович;1111111114;1989-05-04;мужской;426907, г. Ижевск, ул. Родниковая, 36, оф. 5;79045197523;avvatwdu94@yandex.ru;"ООО ""Тотальное требование""";
5;Олялин Данил Антонович;1111111115;1989-05-05;мужской;644078, г. Омск, ул. Родниковая, 50, оф. 32;79340314116;mkrwyinr71@gmail.com;"ООО ""Райская вершина""";
6;Шайкенов Владимир Русланович;1111111116;1989-05-06;мужской;125050, г. Москва, ул. Речная, 9, оф. 66;79604178529;efwayyjt11@yandex.ru;"ООО ""Безмятежная область""";
7;Гривин Эдуард Ярославович;1111111117;1989-05-07;мужской;630828, г. Новосибирск, ул. Заречная, 42, оф. 99;79282489679;bhmullzl88@yahoo.com;"ООО ""Арктический металл""";
8;Ратушный Ильдар Георгиевич;1111111118;1989-05-08;мужской;410112, г. Саратов, ул. Степная, 29, оф. 5;79546439253;sdanyenk36@bk.ru;"ООО ""Безудержное предложение""";
9;Донсков Антон Дмитриевич;1111111119;1989-05-09;мужской;190793, г. Санкт-Петербург, ул. Партизанская, 27, оф. 7;79684215827;tyxhhtoy21@gmail.com;"ПАО ""Идея""";
10;Храпов Юрий Станиславович;1111111120;1989-05-10;мужской;450770, г. Уфа, ул. Энергетиков, 12, оф. 64;79556285897;nozzlnla64@yandex.ru;"ООО ""Неделя""";
11;Килибаев Эдуард Яковлев;1111111121;1989-05-11;мужской;350354, г. Краснодар, ул. Дружбы, 2, оф. 15;79976488167;ylescuxz62@mail.ru;"ООО ""Космический взгляд""";
12;Опраксин Владимир Филиппович;1111111122;1989-05-12;мужской;125748, г. Москва, ул. Строителей, 25, оф. 100;79268739961;zwnqearc32@list.ru;"ООО ""Пламенная безопасность""";
13;Ботнарюк Максим Денисович;1111111123;1989-05-13;мужской;450854, г. Уфа, ул. Лермонтова, 33, оф. 73;79265793317;pwgrchzd3@gmail.com;"ООО ""Хороший канал""";
14;Полевых Роберт Кириллович;1111111124;1989-05-14;мужской;614869, г. Пермь, ул. Лесная, 41, оф. 32;79295786827;yoiskzet74@list.ru;"ООО ""Неоценимая сторона""";
15;Абдрафиков Николай Валерьевич;1111111125;1989-05-15;мужской;350239, г. Краснодар, ул. Ленина, 49, оф. 96;79337130223;lwmznpyv85@mail.ru;"ООО ""Профессия""";
16;Хаймин Григорий Русланович;1111111126;1989-05-16;мужской;394616, г. Воронеж, ул. Чкалова, 18, оф. 52;79273591608;elkltlim63@yahoo.com;"ООО ""Техника""";
17;Федотчев Павел Андреевич;1111111127;1989-05-17;мужской;190554, г. Санкт-Петербург, ул. Кооперативная, 44, оф. 38;79316463935;yayevoeo26@list.ru;"АО ""Канал""";
18;Совин Борис Юрьевич;1111111128;1989-05-18;мужской;454749, г. Челябинск, ул. Механизаторов, 11, оф. 22;79316030293;xfvebfjr32@yahoo.com;"ООО ""Состав""";
19;Кайсин Данил Глебович;1111111129;1989-05-19;мужской;344386, г. Ростов-на-Дону, ул. Овражная, 37, оф. 65;79092121506;hulckuvp6@hotmail.com;"ООО ""Песня""";
20;Гомоюнов Тимофей Кириллович;1111111130;1989-05-20;мужской;630957, г. Новосибирск, ул. Матросова, 14, оф. 36;79683988156;udwjpsce97@hotmail.com;"ПАО ""Результат""";
21;Бобяк Филипп Петрович;1111111131;1989-05-21;мужской;614889, г. Пермь, ул. Дорожная, 32, оф. 8;79665616957;vugypcol10@internet.ru;"ООО ""Сумка""";
22;Чигрин Борис Павлович;1111111132;1989-05-22;мужской;454661, г. Челябинск, ул. Почтовая, 35, оф. 9;79137625872;gdnzelic87@gmail.com;"ООО ""Записной подход""";
23;Скубченко Рамиль Станиславович;1111111133;1989-05-23;мужской;443247, г. Самара, ул. Нагорная, 12, оф. 24;79252836457;eqhygmec4@bk.ru;"ООО ""Экстраординарный знак""";
24;Лошинский Герман Вадимович;1111111134;1989-05-24;мужской;400613, г. Волгоград, ул. Мичурина, 28, оф. 10;79083959023;zmrvccxn71@bk.ru;"ООО ""Жизненная скорость""";
25;Ферапонтов Тимофей Валентинович;1111111135;1989-05-25;мужской;454049, г. Челябинск, ул. Механизаторов, 49, оф. 27;79202863325;fvelitja41@yandex.ru;"ООО ""Таблица""";
26;Вальховский Владислав Янович;1111111136;1989-05-26;мужской;454915, г. Челябинск, ул. Мира, 48, оф. 25;79709721778;vygpxedc95@list.ru;"ООО ""Комната""";
27;Толстопалов Максим Анатольевич;1111111137;1989-05-27;мужской;445964, г. Тольятти, ул. Пионерская, 15, оф. 50;79221488898;sccdrazp9@list.ru;"ООО ""Зал""";
28;Чуйкин Юрий Радикович;1111111138;1989-05-28;мужской;625694, г. Тюмень, ул. Центральная, 4, оф. 14;79635588576;bhsysean78@yandex.ru;"ООО ""Дерево""";
29;Вендров Дмитрий Геннадьевич;1111111139;1989-05-29;мужской;625074, г. Тюмень, ул. Больничная, 16, оф. 3;79275811829;xcbicjbb12@yandex.ru;"ООО ""Всесторонний кабинет""";
30;Ховреин Антон Валерьевич;1111111140;1989-05-30;мужской;603636, г. Нижний Новгород, ул. Вишневая, 37, оф. 40;79226100310;jtcnjowd7@yahoo.com;"ООО ""Ремонт""";
31;Уяздовский Дмитрий Яковлев;1111111141;1989-05-31;мужской;443247, г. Самара, ул. Лермонтова, 34, оф. 93;79209477118;cmareabx90@yandex.ru;"АО ""Роман""";
32;Катрин Геннадий Иванович;1111111142;1989-06-01;мужской;614155, г. Пермь, ул. Овражная, 27, оф. 61;79056424936;utcftxfy97@bk.ru;"ООО ""Бесконечная квартира""";
33;Дуров Алексей Ярославович;1111111143;1989-06-02;мужской;344664, г. Ростов-на-Дону, ул. Центральная, 50, оф. 60;79970421146;tvbnzwdl93@bk.ru;"ООО ""Великий мир""";
34;Алдохин Степан Янович;1111111144;1989-06-03;мужской;614922, г. Пермь, ул. Заводская, 9, оф. 99;79298345785;srheavrd1@hotmail.com;"ООО ""Средство""";
35;Брянчанинов Сергей Сергеевич;1111111145;1989-06-04;мужской;630537, г. Новосибирск, ул. Горького, 28, оф. 4;79684944869;pnlxctpq37@mail.ru;"ООО ""Голос""";
36;Ситько Артур Валерьевич;1111111146;1989-06-05;мужской;630245, г. Новосибирск, ул. Победы, 30, оф. 40;79145371635;cdimfqyh38@mail.ru;"ООО ""Глубокая трава""";
37;Козадой Вячеслав Вадимович;1111111147;1989-06-06;мужской;426559, г. Ижевск, ул. Центральная, 18, оф. 87;79948253627;bylchuyz41@gmail.com;"ООО ""Редкая величина""";
38;Тюрякулов Олег Юрьевич;1111111148;1989-06-07;мужской;603739, г. Нижний Новгород, ул. Солнечная, 1, оф. 48;79924700350;ewwhdwrp40@gmail.com;"АО ""Космическая одежда""";
39;Теренин Егор Андреевич;1111111149;1989-06-08;мужской;350941, г. Краснодар, ул. Зеленая, 6, оф. 74;79789430100;goxfzkug64@yahoo.com;"ООО ""Щедрая улыбка""";
40;Базылевич Герман Олегович;1111111150;1989-06-09;мужской;420632, г. Казань, ул. Светлая, 31, оф. 13;79994021635;owizesyf34@inbox.ru;"ООО ""Формула""";
41;Жабенков Сергей Никитович;1111111151;1989-06-10;мужской;603929, г. Нижний Новгород, ул. Коммунистическая, 39, оф. 90;79213828708;dlaphadp52@yandex.ru;"ООО ""Полный рост""";
42;Однопольцев Анатолий Ефимович;1111111152;1989-06-11;мужской;420385, г. Казань, ул. Школьная, 31, оф. 63;79288431131;bhwknywh61@hotmail.com;"ООО ""Ювелирный набор""";
43;Романский Максим Данилович;1111111153;1989-06-12;мужской;420379, г. Казань, ул. Солнечная, 38, оф. 84;79019300952;enzalksk41@aol.com;"ПАО ""Безраздельный повод""";
44;Варфоломеев Степан Ефимович;1111111154;1989-06-13;мужской;445596, г. Тольятти, ул. Чапаева, 33, оф. 14;79912269535;zimxzmxv49@aol.com;"ПАО ""След""";
45;Тарновский Игорь Федорович;1111111155;1989-06-14;мужской;614521, г. Пермь, ул. Садовая, 20, оф. 31;79216672567;fziqtowx81@yahoo.com;"ООО ""Неистощимая голова""";
46;Павлыгин Ринат Маратович;1111111156;1989-06-15;мужской;394863, г. Воронеж, ул. Мичурина, 7, оф. 17;79642722041;thphmlwu43@gmail.com;"ООО ""Громкая база""";
47;Мухамедиев Евгений Михаилович;1111111157;1989-06-16;мужской;445509, г. Тольятти, ул. Верхняя, 42, оф. 3;79148007908;poksugir48@aol.com;"ООО ""Фантастическая формула""";
48;Вахрамеев Игорь Тимофеевич;1111111158;1989-06-17;мужской;344663, г. Ростов-на-Дону, ул. Победы, 45, оф. 80;79585880265;cpfuatul31@gmail.com;"ООО ""Остров""";
49;Шашкин Семен Федорович;1111111159;1989-06-18;мужской;344327, г. Ростов-на-Дону, ул. Красная, 5, оф. 49;79835840790;rnxvxfth83@mail.ru;"ООО ""Экономика""";
50;Каракозов Станислав Валерьевич;1111111160;1989-06-19;мужской;445742, г. Тольятти, ул. Пушкина, 27, оф. 12;79049459181;kjgpoaen17@gmail.com;"ООО ""Подход""";
51;Сниткина Татьяна Ивановна;1111111161;1989-06-20;женский;426470, г. Ижевск, ул. Юбилейная, 41, оф. 28;79691838060;masrwsnw30@list.ru;"ООО ""Разработка""";
52;Эмирова Елизавета Эдуардовна;1111111162;1989-06-21;женский;400864, г. Волгоград, ул. Мира, 7, оф. 65;79060542227;hzzdaavw3@hotmail.com;"ООО ""Сказочный принцип""";
53;Бадюкова Галина Семеновна;1111111163;1989-06-22;женский;603065, г. Нижний Новгород, ул. Родниковая, 50, оф. 52;79541999647;rtsktoie38@gmail.com;"ООО ""Здание""";
54;Веневцева Яна Владимировна;1111111164;1989-06-23;женский;350663, г. Краснодар, ул. Почтовая, 12, оф. 27;79716827192;ejgqpztq78@inbox.ru;"ООО ""Защита""";
55;Баранчик Олеся Никитовна;1111111165;1989-06-24;женский;630345, г. Новосибирск, ул. Лесная, 44, оф. 56;79864807350;sxobuubf57@gmail.com;"ООО ""Неземная победа""";
56;Эзерина Елена Леонидовна;1111111166;1989-06-25;женский;394498, г. Воронеж, ул. Заводская, 10, оф. 63;79527626463;ayxhaknp92@hotmail.com;"ПАО ""Широкое начало""";
57;Алтынбаева Ирина Витальевна;1111111167;1989-06-26;женский;350546, г. Краснодар, ул. Московская, 16, оф. 96;79632018332;bwjosafn1@yahoo.com;"ООО ""Безбрежная гора""";
58;Шинкаренкова Элина Вадимовна;1111111168;1989-06-27;женский;620529, г. Екатеринбург, ул. Октябрьская, 29, оф. 83;79528550325;cvhftnvm65@hotmail.com;"АО ""Рост""";
59;Недопузина Александра Константиновна;1111111169;1989-06-28;женский;400125, г. Волгоград, ул. Ленина, 46, оф. 64;79410414699;igyshmtb89@hotmail.com;"ООО ""Республика""";
60;Байрамкулова Алена Никитовна;1111111170;1989-06-29;женский;603044, г. Нижний Новгород, ул. 1 Мая, 10, оф. 27;79839536922;lzxrrbfb88@aol.com;"ООО ""Безукоризненный месяц""";
61;Кознева Марина Тимуровна;1111111171;1989-06-30;женский;660712, г. Красноярск, ул. Колхозная, 7, оф. 47;79331929968;bgmwsvgy69@mail.ru;"АО ""Веская литература""";
62;Торговкина Евгения Леонидовна;1111111172;1989-07-01;женский;454808, г. Челябинск, ул. Красная, 21, оф. 58;79412031481;dlleaysg82@gmail.com;"ООО ""Богатая волна""";
63;Ставская Алла Альбертовна;1111111173;1989-07-02;женский;660197, г. Красноярск, ул. Степная, 40, оф. 87;79668299358;qgudvkxr98@list.ru;"ООО ""Зеленая информация""";
64;Хайдукова Татьяна Антоновна;1111111174;1989-07-03;женский;443942, г. Самара, ул. Чехова, 33, оф. 11;79850694533;pctjbzfq4@bk.ru;"ООО ""Ответственность""";
65;Закривидорога Эльмира Олеговна;1111111175;1989-07-04;женский;625126, г. Тюмень, ул. Весенняя, 11, оф. 61;79413974283;dxjgfzti87@internet.ru;"ООО ""Разработка""";
66;Лариошина Лилия Робертовна;1111111176;1989-07-05;женский;454899, г. Челябинск, ул. Куйбышева, 26, оф. 61;79511599792;xgkhqnmf9@gmail.com;"ПАО ""Космическая ответственность""";
67;Хворова Жанна Ринатовна;1111111177;1989-07-06;женский;445169, г. Тольятти, ул. Шоссейная, 22, оф. 40;79559752756;gagawmoh45@bk.ru;"ООО ""Колено""";
68;Шибаева Гульнара Дмитриевна;1111111178;1989-07-07;женский;630639, г. Новосибирск, ул. Лесная, 14, оф. 71;79149501273;nmhigrva76@aol.com;"ООО ""Хорошая профессия""";
69;Скрыпникова Карина Рамилевна;1111111179;1989-07-08;женский;410387, г. Саратов, ул. Родниковая, 18, оф. 55;79706734097;yvxpzbti92@list.ru;"ООО ""Список""";
70;Луковская Елена Даниловна;1111111180;1989-07-09;женский;426598, г. Ижевск, ул. Южная, 10, оф. 64;79108378444;abtgryuw14@aol.com;"ООО ""Каменная сумка""";
71;Бузникина Виктория Марселевна;1111111181;1989-07-10;женский;625839, г. Тюмень, ул. Чкалова, 34, оф. 88;79888560711;qawuutmm45@internet.ru;"ООО ""Небо""";
72;Ольшанникова Елизавета Альбертовна;1111111182;1989-07-11;женский;426139, г. Ижевск, ул. Озерная, 13, оф. 46;79994645385;wgsfizwt51@yahoo.com;"ООО ""Неограниченная реформа""";
73;Шавкутина Елизавета Ринатовна;1111111183;1989-07-12;женский;614602, г. Пермь, ул. Красная, 16, оф. 44;79161519548;pllwhklt31@yandex.ru;"ООО ""Титаническая возможность""";
74;Иванчик Инна Тимофеевна;1111111184;1989-07-13;женский;454751, г. Челябинск, ул. Партизанская, 36, оф. 63;79167319206;alklgdlr44@inbox.ru;"ООО ""Серьезная формула""";
75;Длотовская Ольга Петровна;1111111185;1989-07-14;женский;620986, г. Екатеринбург, ул. Родниковая, 4, оф. 100;79042783033;dxvmjzzr98@bk.ru;"ООО ""Круг""";
76;Пионтковская Маргарита Даниловна;1111111186;1989-07-15;женский;420541, г. Казань, ул. Колхозная, 6, оф. 55;79545343216;rxwospzh99@yandex.ru;"ООО ""Трава""";
77;Толпегина Валерия Маратовна;1111111187;1989-07-16;женский;644836, г. Омск, ул. Озерная, 20, оф. 47;79362107523;kzlfqped38@inbox.ru;"ООО ""Несравненная зона""";
78;Кострикина Виктория Германовна;1111111188;1989-07-17;женский;620788, г. Екатеринбург, ул. Интернациональная, 10, оф. 34;79850020184;twbcrrgf78@list.ru;"ООО ""Неповторимая техника""";
79;Курбаналеева Евгения Алексеевна;1111111189;1989-07-18;женский;620662, г. Екатеринбург, ул. Новая, 17, оф. 72;79716752264;enbxwnqo20@yahoo.com;"ООО ""Бескомпромиссное управление""";
80;Свилева Галина Дмитриевна;1111111190;1989-07-19;женский;625932, г. Тюмень, ул. Свердлова, 9, оф. 64;79786750019;oolxhgkh42@internet.ru;"ООО ""Феноменальный проект""";
81;Матекина Карина Яковлевна;1111111191;1989-07-20;женский;190827, г. Санкт-Петербург, ул. Родниковая, 10, оф. 71;79878515368;pcapewsn88@list.ru;"ООО ""Век""";
82;Бычатина Тамара Викторовна;1111111192;1989-07-21;женский;190091, г. Санкт-Петербург, ул. 1 Мая, 1, оф. 37;79994645287;qkpgdpkm90@inbox.ru;"АО ""Поразительная система""";
83;Картожинская Алина Семеновна;1111111193;1989-07-22;женский;450074, г. Уфа, ул. Солнечная, 24, оф. 5;79370657967;zplqmmza42@hotmail.com;"ООО ""Внушительная температура""";
84;Насретдинова Раиса Семеновна;1111111194;1989-07-23;женский;620150, г. Екатеринбург, ул. Гагарина, 30, оф. 4;79181940654;andwdqxa54@aol.com;"ООО ""Задача""";
85;Руссова Ксения Витальевна;1111111195;1989-07-24;женский;125885, г. Москва, ул. Мира, 31, оф. 14;79603569338;dfjnvezp97@mail.ru;"ООО ""Отборный телефон""";
86;Полуешкина Лилия Павловна;1111111196;1989-07-25;женский;426297, г. Ижевск, ул. Труда, 43, оф. 40;79099548233;wvoihfpj28@internet.ru;"ООО ""Незаурядное пространство""";
87;Пакулева Эльмира Евгеньевна;1111111197;1989-07-26;женский;603428, г. Нижний Новгород, ул. Озерная, 7, оф. 36;79126869451;grghuntm14@mail.ru;"ООО ""Анализ""";
88;Мокеева Елизавета Геннадьевна;1111111198;1989-07-27;женский;660629, г. Красноярск, ул. Озерная, 23, оф. 11;79935150186;prksqfsb81@aol.com;"ООО ""Наивысшая вершина""";
89;Дорофеева Ирина Ринатовна;1111111199;1989-07-28;женский;394149, г. Воронеж, ул. Чкалова, 49, оф. 44;79529595709;yutqirxl98@mail.ru;"ООО ""Безупречная вещь""";
90;Истомахина Кира Сергеевна;1111111200;1989-07-29;женский;630045, г. Новосибирск, ул. Больничная, 3, оф. 81;79673227761;acsymgrt86@yahoo.com;"ООО ""Лес""";
91;Маханова Надежда Аркадьевна;1111111201;1989-07-30;женский;394878, г. Воронеж, ул. Овражная, 37, оф. 25;79165956040;zasxnxsb17@aol.com;"ООО ""Богатырский состав""";
92;Абилова Валентина Геннадьевна;1111111202;1989-07-31;женский;644017, г. Омск, ул. Ленина, 31, оф. 87;79842176000;bncevmjo47@aol.com;"ООО ""Работник""";
93;Тараруева Александра Филипповна;1111111203;1989-08-01;женский;125417, г. Москва, ул. Горная, 46, оф. 56;79610940259;myiumgjn83@hotmail.com;"ООО ""Триумфальный предел""";
94;Кубышка Ирина Яновна;1111111204;1989-08-02;женский;603363, г. Нижний Новгород, ул. Майская, 35, оф. 76;79780724078;hnphzvcr25@internet.ru;"ООО ""Дыхание""";
95;Рысина Римма Григорьевна;1111111205;1989-08-03;женский;443513, г. Самара, ул. Восточная, 24, оф. 23;79033089513;mvkuiizz86@gmail.com;"ПАО ""Образцовая среда""";
96;Рогозянская Светлана Тимуровна;1111111206;1989-08-04;женский;190383, г. Санкт-Петербург, ул. Фрунзе, 14, оф. 20;79311332579;tockmxll65@aol.com;"ООО ""Сад""";
97;Козелкова Анжелика Радиковна;1111111207;1989-08-05;женский;614818, г. Пермь, ул. Спортивная, 28, оф. 23;79696681443;odsqzsul77@yahoo.com;"ООО ""Сеть""";
98;Ипатьева Светлана Ильдаровна;1111111208;1989-08-06;женский;125162, г. Москва, ул. 8 Марта, 34, оф. 39;79214480918;jzvjdyex56@inbox.ru;"ООО ""Жизненный снег""";
99;Солдатова Юлия Даниловна;1111111209;1989-08-07;женский;190995, г. Санкт-Петербург, ул. Нагорная, 16, оф. 12;79112290497;xcgjepoo34@yahoo.com;"ООО ""Титанический успех""";
100;Ревенко Дарья Аркадьевна;1111111210;1989-08-08;женский;660064, г. Красноярск, ул. Железнодорожная, 42, оф. 51;79619233510;hnflqptk97@hotmail.com;"АО ""Река""";
